id,userName,name,zipCode
1,Miles,Oceane Johnston,39437-7362
2,Vivienne,Amari Bauch,81738-9267
3,Chanel,Shannon Nikolaus,76584
4,Amos,Chet Gulgowski,39283
5,Korey,Leora Lockman,99865-7967
6,Cordie,Rocio Zulauf,81754-4495
7,Ashleigh,Lexie Pouros,81212-7444
8,Jayden,Will White III,79188-2981
9,Dallin,Janis Cummings MD,41531-7134
10,Alison,Noel McClure IV,30245
11,Albina,Maegan Yost,77577-3978
12,Priscilla,Noel Cassin,31932
13,Devan,Miss Rodrigo McLaughlin,67183
14,Santos,Cindy Runolfsdottir,16488
15,Jeremy,Jeramy Wiegand,70578
16,Mariane,Ewell Leannon,21128-6158
17,Chris,Ms. Reymundo Ledner,44896
18,Malachi,Steve O'Hara,85283
19,Marcel,Ms. Urban Reilly,41705-2877
20,Mollie,Gwendolyn Beatty,69167
21,Connor,Yasmine DuBuque,15956
22,Lexi,Ms. Horacio Wilderman,83724-5363
23,Guy,Fleta Strosin,25931
24,Jennifer,Caterina Kihn,16570
25,Jalon,Ibrahim Kuhlman,86071
26,Brittany,Garnett Jast I,38658-8584
27,Doyle,Otto Stroman IV,37828-5335
28,Natalie,Miss Pamela O'Keefe,81429-5313
29,Zackary,Adan Altenwerth Sr.,29885-2096
30,Cortney,Lloyd Murazik,96770-3391
31,Quentin,Glen Schamberger,42984-6676
32,Rico,Erick Ratke,38524-9901
33,Mohammed,Ms. Pat Auer,18155
34,Harry,Theresa DuBuque,37556-3958
35,Ransom,Makenzie Douglas IV,28534
36,Nathanial,Vince Gerhold I,95061
37,Vernon,Dr. Hailee Herzog,27600-2903
38,Loraine,Mr. Easton Harvey,50743-6592
39,Ernie,Berenice Stamm,69936-6613
40,Yolanda,Felicity Funk,61929-2444
41,Brad,Delmer Gleichner,15449-2555
42,Connie,Ted Lesch,33421-2243
43,Ronaldo,Sincere Collier,61403-2694
44,Terrell,Rodrick Nienow,27597
45,Elijah,Marquise Yundt DVM,24743-5043
46,Rahsaan,Bennett Treutel,34142-2323
47,Keara,Frida Rutherford,92983
48,Antone,Jalen Jenkins DDS,64433
49,Rey,Myrtis Bartoletti,92609-2291
50,Ahmed,Dr. Sophie Okuneva,72676-2279
51,Andres,Mattie Sporer DDS,15571
52,Jeremy,Sydni Grant MD,20178-6076
53,Alessandra,Eliane Walter DDS,44177
54,Chanel,Delmer Johnson,45749-5007
55,Maci,Kris Hand,71384-6040
56,Mozell,Dahlia Greenfelder DVM,84055-5703
57,Concepcion,Isaac Ziemann,16292
58,Orlo,Horace Morissette DDS,11336-5060
59,Brady,Arvilla Pouros,56786
60,Kattie,Ms. Grant Ryan,43642-7284
61,Dayna,Mrs. Charlie Kris,60766
62,Hunter,Ashtyn Boyle,22790-7684
63,Brendon,Presley Zemlak,29169-4075
64,Margarett,Abigail Rath II,27527-9053
65,Aylin,Sam Russel III,12763
66,Elwyn,Viola Schneider,29547
67,Tressa,Geoffrey Hessel II,93860-2123
68,Barrett,Corene Rohan,41383-5651
69,Mia,Ms. Kelley Strosin,85403-4744
70,Elian,Sarah Ortiz,34407
71,Ezra,Mallie Treutel Sr.,94911
72,Malcolm,Coby Yost,34542
73,Casey,Jakob Stroman,56964-6354
74,Janick,Annamae Johnston,32230
75,Vicky,Mrs. Miles DuBuque,31408-7447
76,Newell,Geovanny Kihn,48863
77,Sharon,Elta Rath,49613-3996
78,Deshawn,Zackary Crooks,45856-6510
79,Elvie,Rosina Yundt,30806
80,Rylee,Raphaelle Boehm,80933
81,Daniella,Nelson Oberbrunner II,99607-5868
82,Stefan,Mr. Kaylah Jakubowski,59504-0197
83,Jay,Dr. Dennis Green,13386-0973
84,Arnold,Nellie Ernser DVM,99610
85,Summer,Mrs. Mckayla Wintheiser,15439-0873
86,Freida,Ivah Altenwerth,29260-7630
87,Mylene,Bettie Lueilwitz,55214-8216
88,Donato,Leila Pfannerstill,74429-0688
89,Keira,Jessie Greenfelder PhD,63955
90,Quinten,Miss Rosemarie Schmitt,44419
91,Annabell,Beryl Rice,93013-8933
92,Johnson,Dr. Ali Cassin,88779-8243
93,Reginald,Lawrence Bayer,80084
94,Keely,Jerome Smith IV,86602-1057
95,Cyril,Karianne Cronin,10748
96,Davonte,Liam Kuhn,16362
97,Uriah,Margaretta Cummings PhD,80772
98,Janis,Kylee Christiansen,37517
99,Chandler,Randal Nolan II,44324
100,Elisa,Hank Dickinson DDS,91386
101,Helmer,Katlynn Bednar Sr.,44470
102,Helmer,Odie Bailey,30163
103,Hans,Angel Rempel,71067
104,Wilton,Everette Runte,77308-3460
105,Rory,Jimmie Schiller,34993
106,Casey,Kenyon Swaniawski,25826-7878
107,Orville,Shanny Lindgren,80258
108,Deon,Lilyan Murazik,53079-2501
109,Ramona,Waino White,11922
110,Griffin,Dariana Dickinson,72224-4161
111,Rex,Mrs. Jovanny Torp,33546
112,Virgil,Brenda Fadel,40696
113,Samara,Arnaldo Krajcik,73540
114,Andreane,Ada Braun,79231
115,Eulalia,Mrs. Aiden Crona,87395-8645
116,Frances,Octavia Schumm,96405
117,Phoebe,Juston Schmidt,51355-2280
118,Michale,Savanah Parisian,68800-1987
119,Tracy,Juston Streich,96391
120,Cathrine,Ms. Monique Collier,43554-9869
121,Zion,Mrs. Elise Rohan,33593
122,Sandra,Claude Kris Sr.,50048
123,Sammie,Wayne Runte DVM,95565
124,Russell,Deondre Funk,57661
125,Daija,Jamil Hoeger V,54244-8006
126,Berenice,Andre Ernser,51877-9043
127,Ashton,Augustine Ortiz,73831-8300
128,Marquis,Mr. Shirley Schuster,83217
129,Olaf,Madie Hand,21633
130,Jarret,Manuel Weimann,22871
131,Orlo,Judd Collier,25858-5903
132,Leila,Tyra Runte,46402
133,Gracie,Madelynn Fay DDS,45672-9025
134,Aiden,Mr. Macie Mayer,79226
135,Joaquin,Emmanuelle Oberbrunner,31825
136,Lesley,Jennyfer Nolan,32913-0240
137,Kamren,Jedidiah O'Connell,37570-6306
138,Norberto,Neva Nitzsche,30111-3587
139,Buddy,Ms. Odell Halvorson,52352
140,Odessa,Adriana Littel,95627
141,Buck,Vella Stark,14276-8741
142,Newton,Jules Hansen,83430-4638
143,Megane,Ryan Hickle,26049
144,Melany,Walter Kozey,21349-1702
145,Karlie,Roscoe Wiza,93788-6805
146,Nikita,Margarita Roberts,27070-9847
147,Garry,Xavier Steuber PhD,20219-3058
148,Melvin,Allie Bartoletti,99613
149,Vergie,Cara Weissnat II,79762-3522
150,Janice,Cletus Dietrich,46713-7221
151,Theresia,Ezra Will MD,28218-1207
152,Krystel,Micah Wiza,63401
153,Chadrick,Evan McDermott III,49878-2891
154,Elijah,Josiah Spencer,50310
155,Halle,Jaylin Koch,56698
156,Jacynthe,Clementine Turner III,13392-7291
157,Alexandrine,Miss Kyler Collins,28959
158,Stanford,Trystan Schaefer,24808-1019
159,Alycia,Tyree Reichel,81988
160,Clarissa,Nicholaus Kunze,37687-0160
161,Vivianne,Piper Wisoky,52506-3266
162,Elyssa,Octavia Grimes V,22458
163,Timothy,Tracy Hoppe,47601-2862
164,Henderson,Sigurd Osinski,73842
165,Asa,Reynold McClure,59887-2833
166,Yolanda,Alec Hahn,64564-9243
167,Cale,Bernard Nader,48433-4179
168,Quinton,Dr. Francis Prosacco,36540
169,Donavon,Noelia Wyman,91828-6368
170,Jeremie,Trace Bernier,60772
171,Alison,Khalid Mayer,66998-5499
172,Madeline,Gertrude Strosin V,52952-2360
173,Heather,Mr. Brian Howell,64579-7919
174,Kaylee,Frederic Von Jr.,97450-3687
175,Max,Mrs. Eldora Howe,96224
176,Ted,Courtney Kiehn,46432-1851
177,Daisha,Josh Gorczany,75662
178,Rudy,Clementina Mayer,15959
179,Briana,Ms. Willy Flatley,79405
180,Andreane,Zetta Kris,34738-8472
181,Annette,Frederick Emard,76908-5771
182,Leola,Angelica Hand,41717
183,Nellie,Garrick Mitchell,29201-4449
184,Braden,Carolanne Bode,95677
185,Aurore,Zula Fritsch MD,79459
186,Lera,Soledad Abernathy,26043
187,Zackary,Evie Homenick,15193
188,Marisa,Jermey Stokes,57769-5516
189,Clemens,Edgar Hilpert,44922
190,Retta,Robyn Walker V,78454-4052
191,Rozella,Summer Botsford,24335
192,Candido,Tia Raynor,99224-7690
193,Bailey,Agustin Kozey,24333-5253
194,Marlene,Morton Kassulke IV,60811-1199
195,Dagmar,Domenica Klocko,64353
196,Shanel,Theodora Will,61291
197,Fredrick,Cassidy Bednar,82100-4450
198,Shaun,Leatha Gerhold,40639
199,Johathan,Mrs. Lambert Kihn,75918-4876
200,Alvena,Miss Mohamed Smitham,31893-2965
201,Fannie,Mr. Reagan Turcotte,38125
202,Joey,Dahlia Nikolaus,66470-1893
203,Karlie,Hiram Ritchie,90843
204,Ernesto,Felicia Hane,32943
205,Matt,Abagail Mitchell,44198
206,Angeline,Andre Donnelly,71647
207,Nellie,Sadye Kulas V,74933
208,Lavina,Blanche Lind,36926-2141
209,Naomi,Otis Lemke,21545
210,Dan,Ms. Lavern Nitzsche,70557-3794
211,Kenyatta,Cornell Turner,20158
212,Merritt,Misael Schneider,93249
213,Beth,Leon Kihn,17339
214,Thelma,Simeon Grant,43154-2863
215,Dorcas,Meggie Greenholt DVM,34899
216,Rosie,Dr. Darrion Orn,97278-1196
217,Maxie,Rhea Huels IV,22781
218,Hassie,Shaniya Sporer,32519-6550
219,Nicole,Sammy Cole PhD,25326
220,Kaylee,Mathew Roberts,90231
221,Orlo,Gladys Hauck MD,32317-9434
222,Johnathan,Ms. Lucy Schinner,64550
223,Micaela,Lionel Murphy,35342-4929
224,Linwood,Margot Kertzmann,66822-0341
225,Braxton,Clinton Adams,82613-6979
226,Sallie,Dameon Bahringer,69037
227,Lenny,Nella Conn,83180-3940
228,Malcolm,Dr. Dalton Hilll,54945
229,Rashawn,Jovani Kihn,81220-6685
230,Gay,Mrs. Keenan Harvey,21383-0309
231,Jerel,Bud Huels,17792-6379
232,Alessia,Citlalli Morissette III,65641-5829
233,Kylee,Jocelyn Reilly DDS,87908-3439
234,Pansy,Vincenzo Gibson,50010
235,Johan,Ms. Leonel Pacocha,44542-2844
236,Mitchell,Rico Brakus,77429-8343
237,Brando,Selena Wilkinson,62438
238,Emmet,Dr. Bartholome Runte,21684-1646
239,Dewitt,Ms. Onie Schneider,14302
240,Bryce,Delbert O'Reilly,77944
241,Rosalinda,Walker Hudson DDS,56536-5834
242,Melody,Rahul Dibbert,98473
243,Korey,Miss Ima Hirthe,28119
244,Shayna,Floy Jacobi,55605-1347
245,Chester,Roel Lesch PhD,44769-1099
246,Markus,Kane Kreiger,74870-0537
247,Isaias,Ms. Samir Hermann,41670-6040
248,Mina,Morgan Corwin,62623
249,Gianni,Nakia Pacocha DDS,56021-1707
250,Kamron,Hilton Ruecker,70155-9713
251,Paxton,Bennie Marks,93168
252,Alda,Olen Greenfelder Jr.,91342
253,Kristoffer,Ibrahim Lehner,25916-9718
254,Arielle,Henriette Spencer,70913
255,Ana,Camilla Orn,79913
256,Felton,Sophia Weber,56569-7775
257,Dejuan,Darius Hickle,29336-0453
258,Larissa,Daphne Ernser,42697
259,Johann,Allene Cronin V,77189-0548
260,Era,Art Kuvalis,85781-4932
261,Tristian,Waino Veum,15005-3761
262,Cassie,Brenda Reinger,40669-3716
263,Malachi,Mrs. Cordell Botsford,84564
264,Earlene,Sophie Crist,58837
265,Oran,Dr. Rolando Greenfelder,83835-7317
266,Newell,Clement Kozey,45111-4227
267,Triston,Everett Rosenbaum,56812-1119
268,Orlo,Mr. Eryn Volkman,99679
269,Mitchell,Tessie Hills,55788-4097
270,Arvilla,Uriah Robel,37454
271,Rubie,Madisyn Bauch,69662-4008
272,Warren,Retha Haag PhD,48019-5193
273,Brayan,Mozelle Mohr,55600-8659
274,Mabelle,Deron Hettinger,98580
275,Twila,Miss Bobbie Batz,90114-6032
276,Nella,Clare Nicolas,11957
277,Therese,Jaiden Shields,75039
278,Norval,Zita Zulauf,18168
279,Liza,Natalia O'Connell,60348
280,Lia,Brandt Dicki MD,82322-3407
281,Estefania,Ozzie Cruickshank IV,70345
282,Rudolph,Miss Hillary Beatty,86336-9349
283,Elsa,Isobel Wisozk,68057
284,Elva,Deon Ferry,65767
285,Daphney,Miss Jeanie Pouros,94711
286,Jovanny,Mrs. Corene Rau,57815
287,Kathryn,Pietro Marvin,94842
288,Carmine,Rebeka Bradtke,35070-2383
289,Zachariah,Margret Maggio,24799-0006
290,Christelle,Jayda Lemke,81506
291,Jaida,Miss Roscoe Kunze,26367-6701
292,Gregoria,Amira Gaylord,60544-5848
293,Bryce,Mr. Rosalinda Klein,88091-1349
294,Zoila,Mr. Geo Haag,96089-1399
295,Abdiel,Carey Huel IV,62155
296,Maryjane,Tristin Jones Sr.,80867-8165
297,Abigale,Zoie Halvorson,34965
298,Mathilde,Esmeralda Jakubowski,47372
299,Elsa,Rylan Kutch II,62037-0509
300,Lura,Annie Zieme,81201-9037
301,Xander,Rupert Hintz,82045-5324
302,Bennett,Jesse Bednar,87920-2491
303,Ilene,Juwan Homenick I,85913
304,Leta,Keven Schinner,48002-1517
305,Emilie,Norris Wisoky,26116
306,Ryder,Myles Murray,21983
307,Reuben,Sven Aufderhar,53543-3439
308,Orpha,Rodolfo Ruecker,22690-5187
309,John,Rhea Mosciski,18620-9719
310,Hans,Tristin Wolff,62085-2379
311,Fanny,Terrell Berge,17163-7994
312,Brenna,Mrs. Jace Watsica,79547
313,Mac,Annabelle Wuckert,52204-7903
314,Shayne,Antwan Mitchell,57592-4684
315,Forrest,Tara Hayes,42994-9524
316,Lilly,Madaline Hand,67838
317,Deborah,Duncan Parker,96983-6301
318,Florian,Allison Crist,69118
319,Elmira,Giovani Morissette,85015-1858
320,Casper,Braulio Zieme,44894
321,Beulah,Katlyn Erdman II,16083-1006
322,Mavis,Frida Sporer,37653
323,Sammie,Marley Schmitt,21208-8339
324,Raquel,Gloria Ernser,27559
325,Rocky,Ed Bahringer,45817-5756
326,Maddison,Lola Ondricka,43292-0569
327,Karley,Jody Dickinson,79978-6856
328,Turner,Wilfrid Bruen,82242-4411
329,Mitchell,Kendra Stamm,25510-0212
330,Korey,Rose Waters,62419
331,Johathan,Joany Beier,34914
332,Louvenia,Torrance Jacobs,63591-6236
333,Wallace,Miss Talon Blanda,84372-7956
334,Camille,Joelle Schaden,45414
335,Bryana,Concepcion Kris,34583-0898
336,Davonte,Khalid Hauck IV,30703-2013
337,Judge,Wendell Pollich,63030-4314
338,Marge,Reva Konopelski,32640
339,Norberto,Oren Bradtke,26612-9485
340,Taylor,Alda Grimes,49110-9014
341,Dillan,Danielle Boyle,62757
342,Constantin,Alejandra Zulauf,33126-1310
343,Agnes,Solon Lang IV,59715
344,Cassidy,Mrs. Easton Quigley,80419-8812
345,Taryn,Gisselle Weimann,31580
346,Pink,Alva Kilback,31228
347,Betty,Rafael Roberts,80617-7938
348,Rahul,Miss Agustina Mante,58221
349,Selina,Jazmyn Blanda,61406
350,Tito,Cierra Hessel,55287
351,Roger,Felicita Durgan,61822
352,Brooke,Delphine Runte III,76400-1681
353,Elmer,Stella Bode DDS,49031-4905
354,Bailee,Jana Ritchie,44831
355,Deon,Cristobal Borer,11016-4720
356,Everardo,Miss Vilma Bergnaum,66205-4626
357,Maybell,Wilson Hayes,25299
358,Blair,Rory Powlowski,80933-9184
359,Laurence,Valerie Swift,99200-0833
360,Everardo,Jeanne Gaylord,15910
361,Davon,Jimmy Kassulke,44038-8536
362,Freda,Clint Huels,41907-3280
363,Monserrate,Nelda Deckow IV,38370
364,Gene,Kari Collier,79053
365,Mandy,Mrs. Queen Jakubowski,88038
366,Johann,Coleman Tremblay,62052-2827
367,Oceane,Ethyl Raynor,79364-7020
368,Christine,Dr. Richie Sawayn,94242
369,Ansel,Dawn Cummerata,59118
370,Reese,Dr. Hilma Erdman,38306-8132
371,Amparo,Jimmie Gusikowski,29112
372,Elisha,Freeda Feest,89870
373,Christa,Cecile Keebler,47986-5094
374,Loraine,Ciara Haag,67034-7903
375,Micaela,Cleora Bahringer,46291
376,Garrick,Sibyl Quigley,52362
377,Jaime,Willie Kirlin DVM,73360-3612
378,Nannie,Camilla Walter,12484-3416
379,Raymond,Miss Johnpaul Lang,69545-7201
380,Linda,Timothy Okuneva,41048
381,Rachael,Ms. Melisa Deckow,49497-7126
382,Karson,Eula DuBuque,85206-9716
383,Ilene,Aurelia Schamberger,39267
384,Suzanne,Dannie Konopelski,83168-1513
385,Raphaelle,Darius Predovic,88058-7722
386,Johann,Trudie Monahan DDS,61506
387,Jessy,Dr. Louisa O'Hara,44580
388,Monte,Mr. Annetta Huel,58255
389,Merritt,Else Gutkowski,40500
390,Javier,Chase Kunze,17569
391,Solon,Tito Stiedemann,39016
392,Kennedi,Travon Stamm,17038
393,Tevin,Rowan Hane,22298
394,Samara,Cade Rippin,59930-7074
395,Faustino,Warren Kautzer DDS,51915-7666
396,Anabel,Torrance Brekke,74197
397,Francis,Ilene Schroeder,82724
398,Abagail,Trent Mertz,69809
399,Thelma,Alexander Veum,72471
400,Jalen,Jazmin Glover Jr.,76151
401,Providenci,Emerson Crona,63102-3091
402,Skylar,Elouise Kozey,91607-1055
403,Ulises,Miss Vladimir Stehr,49224-6444
404,Kayley,Dr. Eveline Howell,56040-8689
405,Morris,August Auer,24436-6137
406,Wilber,Mr. Anabelle O'Connell,77985
407,Corrine,Aglae Bernhard,62158
408,Jovanny,Mr. Ricardo Mueller,53965
409,Billie,Ms. Erwin Terry,98132
410,Ernestine,Christian Bogan,76595
411,Scottie,Micheal White,86528-8437
412,Tracy,Dr. Richmond Maggio,55635
413,Jaylen,Ofelia Reichert,79812
414,Delilah,Abigale Volkman IV,88947
415,Teresa,Lonzo Bruen II,88639-0481
416,Garry,Antonio Baumbach,41001-2838
417,Ruth,Garnet Kautzer,22349-4785
418,Mercedes,Robyn Gottlieb,98185-3650
419,Barry,Glenda Runolfsson,40531-0794
420,Nikko,Nikki Johnston,38767
421,Porter,Tremaine Schumm,60784
422,Furman,Domenica Gutmann,86065-4943
423,Alice,Terrell Tillman,43288
424,Milo,Hobart Ziemann,93101
425,Quentin,Dario Nikolaus,84579
426,Antonette,Stephen Spencer,84093-8393
427,Maybell,Henri Bins,21225
428,Yasmine,Diamond Herman,81996-7457
429,Caitlyn,Bettie Rice,76890-2216
430,Liliana,Mr. Jerel Mills,96389-9866
431,Delores,Araceli Kovacek,97194-0744
432,Audra,Carson Bartoletti,49849-4474
433,Nikita,Stephania Prohaska MD,93035-8742
434,Laron,Mr. Alene Boehm,44839
435,Roxanne,Leora Strosin,66126
436,Ottis,Ms. Nathaniel Crist,27795
437,Muhammad,Samara Lebsack,25529-4795
438,Percy,Kenyon Swaniawski,66003-9157
439,Telly,Ms. Cathy Paucek,43422-0718
440,Leif,Seamus Russel,93966-5059
441,Mabel,Clotilde Kirlin,37979-7168
442,Ashley,Emmanuelle Marquardt,69519-1293
443,Marcelina,Reagan Hyatt,80059
444,Lafayette,Dr. Rosetta Mohr,46874-5612
445,Shannon,Irwin Leffler,45473
446,Hulda,Dr. Brandyn Tillman,25675
447,Haskell,Mr. Quinn Johns,93075-1167
448,Melyna,Dedrick Langosh II,35499
449,Brandi,Hellen Reichel,76932
450,Genoveva,Donnie Kirlin,28811
451,Rollin,Miss Earnest Rippin,77631-9817
452,Telly,Ransom Predovic,39243
453,Lillie,Wellington Wunsch,79645-4742
454,Ivy,Assunta Kiehn,98585-0062
455,Nyah,Stephanie Towne,79195
456,Violet,River Stehr,41730-1155
457,Ettie,Gustave Heaney,92480-3384
458,Uriah,Amaya Rutherford MD,25142
459,Lulu,Dr. Eddie Blanda,66976-7971
460,Selina,Sonia Tromp,49694-1982
461,Myron,Brook Cummerata,33790-2245
462,Lewis,Ms. Dayton Romaguera,75238
463,Major,Emelia Maggio,23939
464,Jerrell,Marcelo Mueller,92384-6489
465,Joel,Rodrigo Baumbach,38474
466,Emmie,Emerald Kohler,11656
467,Toni,Nils Renner,11766
468,Luis,Jovany Bruen,16495-6502
469,Kaylie,Morton Denesik,34032-7777
470,Ima,Freeda Renner,97116-2036
471,Mariah,Delilah Orn V,95952
472,Jordan,Karolann Tillman,50051-5546
473,Alice,Yasmeen Kunde,81280-4312
474,Genesis,Dr. Mervin Pagac,37598-6269
475,Blanca,Ezra Kirlin,77163-0142
476,Burnice,Yvette Corkery,69255
477,Evans,Gennaro Okuneva,87997
478,Marianna,Jermey Prohaska DDS,13448-3362
479,Harmony,Camren Purdy,15626
480,Nyasia,Theodore Thiel,30238
481,Logan,Ms. Immanuel Shanahan,23889-6480
482,Justyn,Lydia King,35220
483,Marianna,Durward Nikolaus Jr.,85719
484,Roel,Reuben Hegmann,43200-3099
485,Alverta,Halie Fay,27041-6825
486,Jewel,Ms. Jessy Ruecker,81420-2476
487,Shawn,Marvin Huels,60322-3301
488,Dereck,Ms. Darlene Tremblay,80745
489,Johathan,Heaven Johnson,46948
490,Bennie,Wiley Douglas,34261-0929
491,Joany,Olaf Gerlach,10783
492,Leta,Lessie Ziemann,55796
493,Joana,Clement Anderson,69132
494,Corrine,Dexter Bashirian,66565-1811
495,Deontae,Marge Harvey,95563-4759
496,Maybell,Hermann Boehm,19082-7978
497,Etha,Stephen Johnston IV,35224-3711
498,Bryana,Jayson Macejkovic MD,68542
499,Loyce,Mrs. Kirk Walker,16778
500,Mariano,Ms. Jerel Douglas,13515-8349
501,Talia,Easter Lemke,60437-1842
502,Cheyanne,Eli Gleason,16348
503,Nedra,Jeanie Kuphal,77439-9343
504,Ericka,Mrs. Hazle Wolf,61405-1024
505,Winston,Ellie Stamm,98656
506,Eleonore,Jodie Boyer,97762
507,Javon,Aglae Rutherford MD,96196
508,Milton,Autumn Balistreri,69770
509,Brooks,Margot Lakin,25985
510,Thora,Michale Bogan,48329
511,Major,Katrine Wolff,99328
512,Liam,Zackary Christiansen,94025
513,Rubie,Macie Osinski,13803-4217
514,Oda,Dax Hodkiewicz,95698-4848
515,Gene,Zakary Bednar PhD,74486
516,Parker,Newton Ruecker,75572-0387
517,Nathen,Loma Mayert I,23064-3212
518,Maximillia,Al McDermott,78072-1642
519,Ole,Cletus Gutkowski,75323
520,Sarina,Samir Treutel,71998-2538
521,Adrien,Coleman Jacobi,83698
522,Dane,Joanie Hackett,90724
523,Aglae,Dakota Flatley,16264
524,Lula,Linnea Huels,58661-8129
525,Ines,Mr. Israel Davis,83552
526,Consuelo,Rosalia Bogisich,95612-1373
527,Rod,Vern Corkery,73873-6962
528,Shawn,Ubaldo Upton,72376
529,Wendy,Kylie Reinger,11233
530,Maribel,Mia Davis I,50954-1251
531,Lavinia,Oswald Connelly,22980
532,Mossie,Ida Deckow,42206
533,Mustafa,Mr. Elwin Effertz,10069
534,Berry,Christina Hoppe,50228
535,Theodora,Thad Lynch,96104
536,Dominic,Piper Friesen,71197-5693
537,Ubaldo,Billy Schumm,85730-6816
538,Emelia,Lorenzo Goyette,11264-4936
539,Marques,Mr. Ara Greenholt,13298
540,Neva,Ms. Tavares Toy,53479
541,Allison,Rosalind Cormier,76955-5934
542,Kayleigh,Nina Bartoletti,48632
543,Esmeralda,Verlie Terry,84870-2391
544,Genevieve,Devante Price,67051-3193
545,Lorna,Eloisa Kutch,31206
546,David,Ruby Schmitt I,27342
547,Deron,Frederik Kuhlman,32356
548,Alexandria,Nettie Kertzmann,53837-7564
549,Janiya,Lavinia Crona PhD,62599
550,Magnus,Peggie Heidenreich,21560
551,Elmore,Dr. Shawna Russel,50713-5154
552,Alvina,Kyle Mayer,17421-6780
553,Linda,Elvera Padberg,45037-8593
554,Kay,Everett Marvin,96674-9614
555,Albert,Ms. Yadira Reichel,33091
556,Darius,Brennon Volkman,66756-4723
557,Rodolfo,Carleton Bins,35462-6967
558,Quincy,Nickolas Lehner,21991
559,Antonina,Mrs. Stan Feest,39179
560,Chelsey,Yvonne Bayer,21223-3641
561,Florian,Isai Miller,10328
562,Quinten,Miss Lisa Mohr,71531-7321
563,Eva,Mrs. Bulah Bartoletti,76428-8505
564,Melisa,Mrs. Kenny Barrows,71814-8993
565,Else,Sylvia West,72333-8365
566,Amira,Hassan Hayes,19558-4229
567,Alba,Dr. Jade Gutmann,47099
568,Marcos,Ms. Cayla Heathcote,77285
569,Curtis,Kiana Crist,15810
570,Zack,Ms. Cordell Watsica,60371
571,Izabella,Kiarra Towne,88943
572,Francesco,Mrs. Mortimer Waters,33931-0449
573,Mike,Tressie Russel,78784
574,Sophia,Frederick Gorczany,50669
575,Cordell,Mr. Elvis Cole,37306-3516
576,Elisabeth,Vladimir Konopelski,88218
577,Alex,Wava Pacocha,87997
578,Eden,Mina Bosco,65674-1476
579,Savion,Jalon Kuhic,70217-6327
580,Kamryn,Mrs. Ewald Koss,81453
581,Emmy,Mr. Jamil Bahringer,14503
582,Kaelyn,Verdie Hahn IV,16258
583,Ruthe,Ms. Bradly Ortiz,65069-6997
584,Eddie,Scotty Veum MD,55383
585,Missouri,Flavie Hahn,86378-0491
586,Theresia,Ceasar Armstrong,66624
587,Jovani,Hershel Stehr,30389-1270
588,Emelia,Dorothy Schaefer,59282
589,Lenna,Jessyca Turner DDS,98189-4601
590,Ciara,Rose Keebler,96364
591,Al,Rodrigo Berge,43405-8702
592,Thomas,Candida Kub DDS,59165
593,Olga,Dr. Travon Botsford,78194-0092
594,Queenie,Jayme VonRueden,63392-1769
595,Niko,Chloe Thiel,53674
596,Logan,Malcolm Johnson,19124-4709
597,Althea,Celestine Cummings,42561
598,Lamar,Ova Toy,75053-6181
599,Declan,Mrs. Bailee Gleichner,46032
600,Aidan,Dr. Mckenna Considine,99887-9670
601,Esteban,Colby Lueilwitz V,49724
602,Walton,Taurean Bashirian III,13919-8463
603,Alexie,Ena Rogahn,95249-7583
604,Hester,Christine Rice DVM,27233
605,Kadin,Charley Block,73439
606,Yazmin,Dr. Euna Sauer,58919-0760
607,Audreanne,Mrs. Deshaun Green,52297
608,Lavina,Christy Waelchi,46680-7358
609,Bernie,Allan Welch,68318-7685
610,Jorge,Sallie Klocko,68971-4025
611,Jayda,Leda Jerde,85021
612,Dora,Ms. Hyman Treutel,18729-3357
613,Wendy,Keshaun McClure,26672
614,Mitchell,Vivianne Hansen,51044-5262
615,Rashawn,Russ Ziemann,22180
616,Burnice,Mrs. Lauren Schmeler,75885-4572
617,Lucy,Mallie Graham,79666
618,Christelle,Miss Twila Herman,75624-5677
619,Carol,Tatyana Batz,85717-6361
620,Ubaldo,Kaela Turner,81736-3329
621,Cory,Mara Mills,85980-3895
622,Felicita,Violette Waters III,23459-3102
623,Norene,Bernhard Zieme,97135
624,Enola,Pedro Hirthe,67704
625,Quinten,Mckenzie Lehner,34934-3495
626,Mariam,Madelynn Cummerata IV,65956-3862
627,Selmer,Ottis Hartmann,40911-2391
628,Fannie,Ewald Cartwright,21555
629,Aurelio,Grover Orn,41600-0748
630,Vernon,Holden Wilkinson,61248-7261
631,Damian,Delphia Turcotte,29113-2247
632,Brandt,Gerard Hoeger,73968-1131
633,Santiago,Ms. Vernice Legros,66160
634,Jannie,Darron Eichmann,18986
635,Darion,Kenny Schneider,53173
636,Robin,Marcos Osinski,47532
637,Pierre,Macy Marquardt II,54276
638,Adell,Kaden Wyman,53582-6345
639,Madisen,Kaylie Dooley,37359-1336
640,Rene,Mrs. Tevin Lockman,57654
641,Kavon,Mr. Chelsie Collier,27002-7798
642,Houston,Colin Daugherty,10384-5495
643,Hank,Roderick Baumbach,76382-4116
644,Forest,Ms. Camille Wisoky,31504
645,Misael,Ms. Leland Graham,72200-1190
646,Alford,Georgiana Carroll,36551
647,Adam,Russ Mayert,96623-3198
648,Austyn,Name Cassin MD,92984
649,Loma,Name Turner,43757
650,Rita,Christelle Kilback Sr.,89409
651,Kaylie,Harvey Toy,49689
652,Candida,Clotilde Schowalter,44942-4909
653,Davin,Juliana Hintz,85801-6990
654,Golda,Obie Hettinger,71155
655,Amos,Thora White,47269-5471
656,Kasey,Maybell Corkery MD,95278-4927
657,Trenton,Ms. Cierra Kohler,59816-9556
658,Domenick,Brendon Hickle,24664-6945
659,Lois,Vern Reichel V,20596
660,Jewell,Mrs. Demond Feil,80931
661,Evalyn,Dorthy Conroy,45513
662,Madilyn,Dr. Jeramy Bayer,88327
663,Justine,Lauretta Osinski PhD,76157-3430
664,Aylin,Bonita Berge,93332-7288
665,Javier,Trey Ullrich,41720
666,Cecile,Wiley Frami DDS,97707
667,Aylin,Brenna Hansen Sr.,80697-4635
668,Genoveva,Vilma Gleason,54934-6905
669,Elenora,Tatyana Dare,44068
670,Kyla,Josue Mann,48927
671,Nelda,Greg Mertz,59207
672,Lenora,Ali Konopelski,87100-6383
673,Elinor,Vernice Jakubowski,60241-6735
674,Leta,Jaclyn Volkman,36726
675,Jaylon,Adrain Abernathy Jr.,42269
676,Rowland,Haylee Schroeder,14368-8332
677,Casey,Ola Aufderhar,92402
678,Luz,Dr. Cheyenne Block,60342
679,Fabian,Herta Sanford,14211
680,Ned,Bridgette Grady,74518
681,Madaline,Jeanie Wintheiser,25634-7800
682,Fernando,Woodrow Satterfield,23831-8882
683,Ervin,Kailyn Kling,21294
684,Hipolito,Johnathon Baumbach,53697
685,Coleman,Brandt Pagac,67985-4220
686,Jasmin,Enos Dicki,31454-8324
687,Meaghan,Mrs. Rodolfo Bailey,78065
688,Jeromy,Dr. Erik Kris,94202-9759
689,Julio,Dr. Brandt Jacobs,91016-8419
690,Efrain,Alexander Bernier MD,80299
691,Louie,Wilbert Howe,32241-4495
692,Abigayle,Mrs. Stephon Greenholt,83021
693,Emilie,Ethel Howell,97803
694,Antonetta,Jonas Rau,24328
695,Judd,Hope Gaylord,17377-5682
696,Lenny,Miss Kaycee McLaughlin,83427-6797
697,Josephine,Annabel Kerluke,22713-5444
698,Leora,Mrs. Conner O'Kon,18950
699,Jaquan,Nedra Flatley,17430-1372
700,Hillard,Evelyn Schmeler,41926
701,Jessica,Mr. Annie Kozey,71852-0401
702,Marina,Delaney Rowe,48431-3453
703,Earl,Mr. Elmore Lesch,58829-9440
704,Leonard,Moises Gulgowski,38664
705,Allan,Romaine Schiller,16831-9579
706,Esteban,Aniya Reichert I,56498-4538
707,Jarrell,Karen Watsica V,73810-7620
708,Tanner,Milton Cassin,98192
709,Nikko,Stuart Rodriguez,29488
710,Winston,Ibrahim Jacobi,84025
711,Dennis,Miss Kelsie Beatty,70862-6540
712,Bernard,Kevin Price,18937-3369
713,Rowan,Elsie Wisozk,38448-8442
714,Telly,Breanne Ziemann,32204
715,Cleora,Marlon Koelpin II,23859
716,Tyrese,Jeromy Schuster,87140
717,Deion,Cleve Lang,73943-4477
718,Ruby,Abagail Batz IV,21702-6849
719,Katharina,Nya Quigley,26581-9737
720,Conor,Lue Terry,44584
721,Name,Bonnie Mosciski,88392
722,Sydney,Ms. Kaleigh Emmerich,84479
723,Arden,Phyllis King,66639
724,Rosalee,Miss Eveline Fadel,47979-7831
725,Brice,Karley Hayes,64775
726,Aryanna,Kristina Hackett,10146-1813
727,Alisha,Tamara Cummerata MD,93985
728,Antonetta,Yasmine Bruen DDS,97963-8718
729,Ludie,Arlie Koss,39060-3615
730,Darlene,Ms. Cyrus Marks,42060
731,Emma,Miss King Rolfson,38689-6193
732,Jaylon,Nedra Kohler,62626
733,Edwina,Lupe Jaskolski,69778
734,Mozelle,Marcelino Huels,28033-1441
735,Jason,Dr. Ethelyn Graham,26850
736,Jarvis,Jarrett Huel,20154-5149
737,Ross,Nettie Schuppe,51088-0048
738,Marquis,Mr. Genoveva Leuschke,64511
739,Bria,Lisette Kassulke,58058
740,Garret,Mr. Sandra Cole,16231-4266
741,Alexander,Miss Fabiola Hirthe,14816
742,Tara,Eulah Wunsch,93308
743,Ardella,Miss Janet Hilpert,88053-1863
744,Ottis,Marie Morar,58620
745,Liliana,Dr. Cara Gutmann,66981-8184
746,Berta,Sven Morar PhD,11079
747,Verna,Damian Shanahan DVM,81332
748,Telly,Grace Gerhold III,44315
749,Paul,Justen Weissnat DDS,69295-5555
750,Sarina,Dillon Trantow,86660
751,Skye,Jordan McLaughlin,96568
752,Lupe,Hailie Pagac IV,19986
753,Elton,Brook Rohan,96481
754,Marquise,Ms. Jeramie Hammes,85435-9482
755,Alexys,Alphonso Lueilwitz Sr.,65419
756,Rey,Ms. Marley Auer,66327
757,Bonnie,Norene Littel DVM,87760
758,Susie,Lauren Bartell,14470-7723
759,Harley,Nicholaus Rice,90670-8993
760,Matilde,Ana Daugherty,11479
761,Cassie,Shakira Lockman DDS,37437-0909
762,Quinn,Izabella Stoltenberg,92983
763,Sophia,Miss Izaiah Hessel,99746-0416
764,Armando,Salvatore Bergnaum PhD,68456
765,Jazmyn,Rhianna Funk,46664
766,Monty,Mrs. Valentine Klocko,83702-8496
767,Raphaelle,Miss Eli Franecki,14261
768,Kiley,Sabryna Dickens,93594
769,Issac,Markus Sawayn,66875-4272
770,Maureen,Jeffery Prohaska,39314-3924
771,Korey,Miss Alfonzo Goodwin,38029
772,Rubye,Ms. Luella Bode,33546-1270
773,Imani,Dr. Diamond Smitham,46712
774,Wilfredo,Giovani Schuster I,72242-7196
775,Emily,Triston Kihn,71831-9148
776,Tavares,Elwin Fahey,62018-2672
777,Chandler,Ms. Americo VonRueden,29064
778,Eva,Kelvin Hintz I,73067-1263
779,Kailyn,Dovie Kutch,62613-9168
780,Clarissa,Jamar Farrell III,33996
781,Alan,Randy Bruen,51071-5017
782,Fernando,Toni Kuhlman,55178
783,Eileen,Coleman West Sr.,25477
784,Elvis,Pink Stanton,11596
785,Megane,Dr. Kaleb Bins,20162-6492
786,Dax,Gabriella Bernhard Sr.,88467
787,Joaquin,Wayne Zemlak V,64085
788,Felton,Miss Madilyn Little,36010
789,Juana,Florine Bernier DDS,85020
790,Tavares,Margarita Hauck I,21996
791,Izaiah,Corrine Dickens,57373
792,Juana,Virginie Corwin,97704
793,Amalia,Ellen Lesch,67131
794,Amari,Arjun Block DVM,79355-0436
795,Floy,Rolando Lindgren,47346
796,Kennith,Benedict Thiel,35622-2059
797,Darrel,Kaia Leannon,34761
798,Adela,Graham Spencer,24015
799,Dorris,Oleta King,63275-6284
800,Dangelo,Mrs. Jadon Hessel,73780
801,Coleman,Geoffrey Jaskolski,73522-2615
802,Lorna,Ezequiel Schmitt,70419-8298
803,Albina,Jarret Bartoletti PhD,20838
804,Van,Raegan Leuschke,51218-0427
805,Emmitt,Ms. Mary Beahan,58861
806,Scarlett,Mike Schultz,34662
807,Dominique,Audreanne Larson III,17528
808,Zion,Jacklyn Donnelly DDS,32447
809,Isaiah,June Rempel,58369-1015
810,Alena,Miss Monte Corwin,62587-0659
811,Clement,Jannie Champlin,22719-9050
812,Efrain,Rhianna Rohan II,18100-8459
813,Lulu,Adaline Nienow,94739
814,Kristopher,Kobe Sawayn,26334-6100
815,Neil,Gaylord Volkman,27683
816,Adella,Miss Aurelia Cummerata,19843
817,Chad,Dr. Mozell Thiel,99843
818,Pink,Carolyne Kris,29494-7311
819,Jayda,Mrs. Matilda Blick,14931
820,Destin,Furman Olson IV,64299-4595
821,Alex,Ms. Alda Howell,45635
822,Alisha,Keyshawn Murphy,35221
823,Olaf,Jordane Corkery,43081
824,Meta,Jamaal Koss III,77415
825,Virgie,Landen Mayer,80321-5952
826,Mabel,Olaf Littel Sr.,81293
827,Maximillian,Mrs. Saul Balistreri,98508
828,John,Jonatan Lueilwitz Sr.,67449-6226
829,Francis,Lavon Rogahn,65634
830,Tyree,Sigrid Moen V,54458
831,Weston,Hollis Mayert,22395-5432
832,Elena,Rodolfo Corwin,19082
833,Kristian,Gus Schroeder,99887-3073
834,Karli,Khalil Grant,19196-5015
835,Casandra,Brionna Corkery,41955-0679
836,Laurine,Maria Reinger,93773-6783
837,Benedict,Thomas Hegmann,33085-2615
838,Dina,Rafael Kilback,73090-6969
839,Maud,Brant Hilpert,66835-8174
840,Carmelo,Caroline Morar,18275-2208
841,Dolores,Lavonne DuBuque,12124
842,Delores,Mr. Edwin Graham,79443-7083
843,Cleta,Kellen Kulas,96159-0333
844,Dayton,Dr. Yadira Walter,42509
845,Johnson,Rogelio Hickle,62137-7204
846,Scarlett,Issac Bogan Sr.,93690
847,Elouise,Ardith Quigley Jr.,62278
848,Lewis,Moshe Mayert Jr.,97682-8563
849,Elenora,Nakia Nienow,89284-5498
850,Thora,Ruth Leffler Jr.,58449-6335
851,Eriberto,Eloy Yost,46879
852,Junior,Miss Stanford Christiansen,62142-2277
853,Roselyn,Justine Schiller,45021-6108
854,Edmond,Constance Dickinson,19097-8118
855,Tiana,America Senger Jr.,15235-1301
856,Warren,Nicholaus Feeney Sr.,54450-6728
857,Percy,Gabriella Eichmann,31963-6867
858,Thad,Amie Wisozk,54169
859,Hadley,Laisha Stanton,70650
860,Heath,Bret Feil DVM,44401-5890
861,Lewis,Asa Luettgen,69237
862,Warren,Miss Mariela Klocko,82486
863,Dexter,Sallie Pacocha,83032-7809
864,Ana,Sonny Schulist,53818
865,Seth,Mr. Everardo Bechtelar,95950
866,Veda,Roslyn Weissnat,46578
867,Jayce,Immanuel Mertz,66332-1606
868,Emmalee,Jaqueline Littel Jr.,64498-1753
869,Baron,Fay Berge,87094-9238
870,Evan,Rubie Hodkiewicz,21544
871,Carlee,Rosina Jones,39478-5593
872,Terrance,Houston Kris,31029
873,Jefferey,Elinore Schroeder,73946
874,Bennie,Audreanne Bashirian IV,55194
875,Hector,Eda D'Amore DDS,41837-6915
876,Mathias,Mr. Edwina Luettgen,10701
877,Van,Jeramy Lang,41287
878,Elisabeth,Ms. Jaqueline Bosco,80302
879,Maude,Syble Schmidt DDS,21682
880,Francis,Linnie Pfannerstill,27455
881,Cordelia,Mrs. Idella DuBuque,28121
882,Augustus,Darrell Altenwerth,73790-8524
883,Arturo,Trace Kuhn,99822-7923
884,Elnora,Clarissa Botsford,67812
885,June,Gregg Cummerata I,63971-2226
886,Hallie,Oren Botsford DVM,67966
887,Delpha,Candelario Gorczany,78908-2626
888,Adriana,Ms. Alphonso Schumm,87024-6031
889,Assunta,Dorothy Olson,19255
890,Dasia,Dr. Tanner Grady,52066-7592
891,Kailee,Beaulah Kohler,69076
892,Jeromy,Emmalee Hamill,95003-7309
893,Kirsten,Giles Connelly,50997-6851
894,Melisa,Ms. Allan Harber,38466
895,Austyn,Antonia Kuphal,76841
896,Cassandra,Elouise Green,27356-9413
897,Nora,Jamie Wiegand,96659-8307
898,Daryl,Saige Wyman,74104
899,Crystel,Rodger Howell,77675-6667
900,Chandler,Victoria Stanton,59542-3056
901,Ervin,Kattie Russel,17211
902,Peyton,Josianne Conn,65781
903,Marge,Art Sporer I,75404
904,Janae,Felicita Ernser V,76792
905,Meta,Iva Gusikowski,46229
906,Yvette,Jerrold Ernser,15141-4829
907,Darrell,Hank Howe,66609-0740
908,Eduardo,Summer Dietrich,61523-3757
909,Evangeline,Mrs. Jarred Mitchell,45654
910,Cordell,Mrs. Nathaniel Wiza,55767-0202
911,Keenan,Russ Kessler Jr.,16844
912,Dayton,Evie Auer II,16184
913,Simone,Trace Roberts,58937
914,Lonny,Otho Schimmel,97704
915,Emmalee,Maddison Romaguera DDS,65561
916,Eliezer,Mr. Haleigh Zemlak,12552-7908
917,Major,Dr. Alfonso Lind,80929-2522
918,Lydia,Cleora Daniel,92366-3414
919,Friedrich,Dr. Hobart Klocko,81341
920,Rosemarie,Fannie Rohan,70619-4731
921,Tyrese,Joel Jacobi,92834
922,Shanelle,Miss Octavia MacGyver,52746-6936
923,Enos,Nathanial Medhurst,76875
924,Carol,Zula Cremin,99873
925,Javonte,Mr. Talia Predovic,54007
926,Arlene,Murphy Greenholt,83065-5952
927,Kyleigh,Jaden Johnson II,92149-6686
928,Tobin,Ms. Aileen Kovacek,91560
929,Savanah,Mr. Alvis McLaughlin,70441
930,Rogers,Lavada VonRueden,63427
931,Lavon,Twila Effertz,98381
932,Arturo,Sydnee Runolfsdottir,68638-0263
933,Magdalena,Kristoffer Miller,88315-2582
934,Nathan,Ms. Trenton Miller,92975-0228
935,Carroll,Estel Kuvalis Jr.,45222
936,Aletha,Dr. Elroy Dare,28282
937,Roger,Javier Keeling,71453-9841
938,Carmen,Julianne Becker,94431
939,Giovanna,Mr. Faye Eichmann,77294
940,Aletha,Urban Mosciski Sr.,64606
941,Ward,Kenyon Zieme,44760
942,Devyn,Emelie Jacobs,63597
943,Tyreek,Carlos Schinner,39523
944,Maxime,Reuben Stiedemann,94748-1089
945,Marcus,Meagan Moen,20247-9365
946,Demarco,Lawson Smith,45506
947,Forest,Tom Wehner Jr.,60846
948,Verlie,Dave Bergstrom,53926
949,Magdalen,Sven Herman,36951
950,Jaylon,Korey Steuber II,82876
951,Jairo,Ocie MacGyver II,94554
952,Marcelino,Miracle Carter DDS,80576-2828
953,Madie,Clinton Mosciski,33276-9301
954,Roxanne,Helena Ledner,25752-1305
955,Amelia,Lolita Bradtke DVM,83832-2892
956,Dan,Ocie Block,67713
957,Martina,Mabelle Hermiston,90765
958,Roosevelt,Golda Harber,92565-9332
959,Hugh,Selena Murazik,58758
960,Francisco,Zane Mayert III,55050
961,Cloyd,Jaeden Franecki MD,44913
962,Malika,Zoie Feeney,39537-8949
963,Claude,Margarete Macejkovic I,57343
964,Lizzie,Marlee Jacobson,93769-9368
965,Rudy,Verna Bailey,15464-2936
966,Simeon,Amely Herman,24368
967,William,Reece Douglas V,75815
968,Demond,Gussie Pacocha,94443-7822
969,Floy,Erich Greenholt II,70882-1675
970,Asia,Zora Quigley,49933-0295
971,Juliana,Reese Kilback,62521-6645
972,Danny,Herta King,53105
973,Maribel,Ms. Arjun Rohan,91674-8095
974,Brisa,Serena Schultz,37629-0953
975,Logan,Tyrell West,89349-9750
976,Eldora,Mrs. Dwight Pollich,60844-8847
977,Gaetano,Ettie Zulauf IV,89280
978,Henriette,Don Sawayn II,95964
979,Camilla,Bernadine Altenwerth,43346
980,Bailee,Dr. Ken Runolfsson,30855-8430
981,Derrick,Denis Swift PhD,43023
982,Alice,Clara Hilpert,97918
983,Maximilian,Melisa Lemke,22963-0363
984,Isobel,Cheyanne Wunsch Jr.,57032
985,Quincy,Marcia Pfeffer MD,18709
986,Joyce,Mrs. Amy Langosh,49259-0652
987,Isom,Angel Block,51595
988,Wilfredo,Ms. Kamren Dibbert,57695-2770
989,Bret,Laney Zulauf,43309
990,Emilia,Mustafa Harber Sr.,14477
991,Jensen,Madisen Rice,52028
992,Waino,Dr. Augustus Mitchell,60468-8963
993,Maximilian,Jordon Gorczany,55542
994,Heidi,Mrs. Giuseppe Rosenbaum,20395
995,Lera,Jerad Konopelski PhD,79937
996,Dulce,Gertrude Hirthe,22627-8278
997,Krystel,Marian Armstrong,44905
998,Marcus,Kathryn Ullrich,30235
999,Phoebe,Oran Buckridge,36981-3810
1000,Isobel,Mrs. Wendell Reilly,83778-0686